Column 1,cleaned,count
AAA meetings this Fall:,AAA MEETINGS THIS FALL:,1
AATA Online:,AATA ONLINE:,1
AD 1930:,AD 1930:,1
AD 43:,AD 43:,1
ADIAS Newsletter:,ADIAS NEWSLETTER:,3
AEC Egyptology  Newsletter’s previous Edito referred by British association:,AEC EGYPTOLOGY NEWSLETTER’S PREVIOUS EDITO REFERRED BY BRITISH ASSOCIATION:,1
AERA Field Manual Series 1:,AERA FIELD MANUAL SERIES 1:,1
AERAGRAM  1996 1:,AERAGRAM 1996 1:,2
AERAGRAM  1997 1:,AERAGRAM 1997 1:,2
AERAGRAM  1998 2:,AERAGRAM 1998 2:,4
AERAGRAM  1999 3:,AERAGRAM 1999 3:,2
AERAGRAM  2000 3:,AERAGRAM 2000 3:,2
AERAGRAM  2000 4:,AERAGRAM 2000 4:,4
AERAGRAM  2001 5:,AERAGRAM 2001 5:,4
AERAGRAM 2002 6:,AERAGRAM 2002 6:,4
AERAGRAM 2003 7:,AERAGRAM 2003 7:,2
AERAGRAM 2004 7:,AERAGRAM 2004 7:,2
AERAGRAM 2006 8:,AERAGRAM 2006 8:,2
AERAGRAM 2007 8:,AERAGRAM 2007 8:,2
AERAGRAM 2008 9:,AERAGRAM 2008 9:,4
AERA Origins:,AERA ORIGINS:,2
AGER VELEIAS:,AGER VELEIAS:,3
AIA Award:,AIA AWARD:,1
AIA Bulletin:,AIA BULLETIN:,3
AIA Placement Service:,AIA PLACEMENT SERVICE:,1
AIA President Elizabeth Bartman applauded the grant:,AIA PRESIDENT ELIZABETH BARTMAN APPLAUDED THE GRANT:,1
AJA 114:,AJA 114:,1
AJA articles on threats to cultural heritage:,AJA ARTICLES ON THREATS TO CULTURAL HERITAGE:,1
AJA News:,AJA NEWS:,4
AMAR project by the  Schoenberg Center for Electronic Text and Image at the University of  Pennsylvania:,AMAR PROJECT BY THE SCHOENBERG CENTER FOR ELECTRONIC TEXT AND IMAGE AT THE UNIVERSITY OF PENNSYLVANIA:,1
AMHEIDA I:,AMHEIDA I:,1
AMIZADE E PATRONATO:,AMIZADE E PATRONATO:,1
ANALYTICAL INVESTIGATIONS IN OSTIA:,ANALYTICAL INVESTIGATIONS IN OSTIA:,1
ANAXIMANDRE :,ANAXIMANDRE:,1
ANCODS Colloquium:,ANCODS COLLOQUIUM:,3
AND RIGHTEOUSNESS:,AND RIGHTEOUSNESS:,1
ANKH :,ANKH:,6
ANTICO          ORIENTE:,ANTICO ORIENTE:,1
APA Member:,APA MEMBER:,1
APA Placement Service assists members looking for positions and academic institutions with positions to fill through:,APA PLACEMENT SERVICE ASSISTS MEMBERS LOOKING FOR POSITIONS AND ACADEMIC INSTITUTIONS WITH POSITIONS TO FILL THROUGH:,1
APDCA :,APDCA:,2
APPENDIX 10:,APPENDIX 10:,1
APPENDIX 11:,APPENDIX 11:,1
APPENDIX 12:,APPENDIX 12:,1
APPENDIX  8:,APPENDIX 8:,1
APPENDIX 9:,APPENDIX 9:,1
ARA :,ARA:,1
ARA excursion events:,ARA EXCURSION EVENTS:,3
ARA News:,ARA NEWS:,5
ARCANE Project:,ARCANE PROJECT:,3
ARC Laboratory Handbook:,ARC LABORATORY HANDBOOK:,1
ARENA 2:,ARENA 2:,1
ARIADNE Stakeholder Survey:,ARIADNE STAKEHOLDER SURVEY:,3
ARKAMANI    Sudan Journal of Archaeology and Anthropology:,ARKAMANI SUDAN JOURNAL OF ARCHAEOLOGY AND ANTHROPOLOGY:,3
ARM 32 :,ARM 32:,1
ARQUITECTURA E POVOAMENTO:,ARQUITECTURA E POVOAMENTO:,1
ASCSA have been made available elsewhere:,ASCSA HAVE BEEN MADE AVAILABLE ELSEWHERE:,1
ASOR books are available in open access:,ASOR BOOKS ARE AVAILABLE IN OPEN ACCESS:,1
ASOR Executive Director writes:,ASOR EXECUTIVE DIRECTOR WRITES:,1
ASOR Open Archaeology Prize:,ASOR OPEN ARCHAEOLOGY PRIZE:,1
ASOR wants to know:,ASOR WANTS TO KNOW:,2
ASPECTOS DA NEOLITIZAÇÃO:,ASPECTOS DA NEOLITIZAÇÃO:,2
ASPECTOS DA NEOLITIZAÇÃO DO OCIDENTE PENINSULAR:,ASPECTOS DA NEOLITIZAÇÃO DO OCIDENTE PENINSULAR:,1
ASPECTS OF LOCAL BRONZE AGE ECONOMIES:,ASPECTS OF LOCAL BRONZE AGE ECONOMIES:,1
ASR 2:,ASR 2:,1
ASTENE news:,ASTENE NEWS:,1
ATTI DELLA GIORNATA:,ATTI DELLA GIORNATA:,1
AVI :,AVI:,4
AWDL has two primary tracks:,AWDL HAS TWO PRIMARY TRACKS:,1
AWOL content via Twitter:,AWOL CONTENT VIA TWITTER:,1
AWOL entry:,AWOL ENTRY:,1
AWOL include:,AWOL INCLUDE:,1
AWOL in early May 2008:,AWOL IN EARLY MAY 2008:,1
AWOL in the text at the bottom of each of these pages:,AWOL IN THE TEXT AT THE BOTTOM OF EACH OF THESE PAGES:,1
AWOL on Herzeld:,AWOL ON HERZELD:,1
AWOL over its lifetime:,AWOL OVER ITS LIFETIME:,6
AWOL pages have been:,AWOL PAGES HAVE BEEN:,10
BA AR:,BA AR:,2
BAHR participe à un dossier ANR déposé en avril 2008 :,BAHR PARTICIPE À UN DOSSIER ANR DÉPOSÉ EN AVRIL 2008:,1
BASS for:,BASS FOR:,1
BCE in the Middle Euphrates Region :,BCE IN THE MIDDLE EUPHRATES REGION:,1
BCHP 18:,BCHP 18:,1
BIBP sont          disponibles en version PDF:,BIBP SONT DISPONIBLES EN VERSION PDF:,1
BIR UMM FAWAKHIR:,BIR UMM FAWAKHIR:,2
BL corrections:,BL CORRECTIONS:,1
BLMJ 2789:,BLMJ 2789:,1
BMSAES: Mariners and traders:,BMSAES: MARINERS AND TRADERS:,3
BNS International Committee of Referees includes:,BNS INTERNATIONAL COMMITTEE OF REFEREES INCLUDES:,1
BOOK REVIEW:,BOOK REVIEW:,1
BREASTED EXPEDITIONS TO EGYPT AND THE SUDAN:,BREASTED EXPEDITIONS TO EGYPT AND THE SUDAN:,1
BSAA Arqueología:,BSAA ARQUEOLOGÍA:,3
BYU Corpus:,BYU CORPUS:,1
CAA Proceedings Online:,CAA PROCEEDINGS ONLINE:,2
CAA Tschechoslowakei Lieferung I:,CAA TSCHECHOSLOWAKEI LIEFERUNG I:,1
CAL itself has many advantages over the traditional printed book:,CAL ITSELF HAS MANY ADVANTAGES OVER THE TRADITIONAL PRINTED BOOK:,1
CARREFOUR DE CIVILISATIONS:,CARREFOUR DE CIVILISATIONS:,1
CDDA s’efforce de dépouiller toute la littérature spécialisée :,CDDA S’EFFORCE DE DÉPOUILLER TOUTE LA LITTÉRATURE SPÉCIALISÉE:,1
CDLI and the ASM:,CDLI AND THE ASM:,1
CDLI and the Bodmer:,CDLI AND THE BODMER:,1
CDLI and the CUL:,CDLI AND THE CUL:,1
CDLI and the HUJI:,CDLI AND THE HUJI:,1
CDLI and the KVM:,CDLI AND THE KVM:,1
CDLI and the SLAM:,CDLI AND THE SLAM:,1
CDLI and the WCMA:,CDLI AND THE WCMA:,1
CDLI Announcement:,CDLI ANNOUNCEMENT:,2
CDLI Contributors and Users:,CDLI CONTRIBUTORS AND USERS:,1
CDLI News:,CDLI NEWS:,16
CDLI website for the British Museum:,CDLI WEBSITE FOR THE BRITISH MUSEUM:,1
CDLN 2003:,CDLN 2003:,3
CDLN 2005:,CDLN 2005:,1
CDLN 2006:,CDLN 2006:,2
CDLN 2007:,CDLN 2007:,2
CDLN 2010:,CDLN 2010:,5
CDLN 2011:,CDLN 2011:,2
CDLN 2012:,CDLN 2012:,6
CDLN 2014:,CDLN 2014:,4
CERAMIC KILNS IN ANCIENT GREECE:,CERAMIC KILNS IN ANCIENT GREECE:,1
CERAMIC OF CALTAGIRONE:,CERAMIC OF CALTAGIRONE:,1
CERA MSH<span>:,CERA MSH<SPAN>:,1
CHAPTER 1:,CHAPTER 1:,1
CHAPTER 10:,CHAPTER 10:,1
CHAPTER 2:,CHAPTER 2:,1
CHAPTER 3:,CHAPTER 3:,1
CHAPTER 4:,CHAPTER 4:,1
CHAPTER 5:,CHAPTER 5:,1
CHAPTER 6:,CHAPTER 6:,1
CHAPTER 7:,CHAPTER 7:,1
CHAPTER 8:,CHAPTER 8:,1
CHAPTER 9:,CHAPTER 9:,1
CHGIS project has received major funding from:,CHGIS PROJECT HAS RECEIVED MAJOR FUNDING FROM:,1
CHINESE CLAY FIGURES:,CHINESE CLAY FIGURES:,1
CHINESE POTTERY:,CHINESE POTTERY:,1
CIERA program and activities:,CIERA PROGRAM AND ACTIVITIES:,1
CILJ PROJEKTA:,CILJ PROJEKTA:,1
CIPA conference  on “Heritage documentation:,CIPA CONFERENCE ON “HERITAGE DOCUMENTATION:,1
CKAN Data Hub:,CKAN DATA HUB:,1
CLAY SEALINGS AND TABLETS FROM TELL ASMAR:,CLAY SEALINGS AND TABLETS FROM TELL ASMAR:,2
CMG has planned various digital projects:,CMG HAS PLANNED VARIOUS DIGITAL PROJECTS:,1
CMO :,CMO:,4
CNANS :,CNANS:,3
CONCLUSION :,CONCLUSION:,1
CONTEXTO HISTÓRICO DA ÁREA EM ESTUDO:,CONTEXTO HISTÓRICO DA ÁREA EM ESTUDO:,1
CONTROVERSIAL ARCHAEOLOGICAL PHENOMENON OF THE  REGION BETWEEN THE DANUBE MOUTH AND THE VOLGA AT THE BEGINNING OF THE  IRON AGE:,CONTROVERSIAL ARCHAEOLOGICAL PHENOMENON OF THE REGION BETWEEN THE DANUBE MOUTH AND THE VOLGA AT THE BEGINNING OF THE IRON AGE:,1
CPART are:,CPART ARE:,1
CPAS works along two parallel lines:,CPAS WORKS ALONG TWO PARALLEL LINES:,1
CRAI font écho à l’actualité nationale et internationale des trois grands domaines de recherche qui correspondent aux trois vocations majeures de la Compagnie :,CRAI FONT ÉCHO À L’ACTUALITÉ NATIONALE ET INTERNATIONALE DES TROIS GRANDS DOMAINES DE RECHERCHE QUI CORRESPONDENT AUX TROIS VOCATIONS MAJEURES DE LA COMPAGNIE:,1
CRANE Project:,CRANE PROJECT:,3
CROSSROADS OF CIVILIZATION:,CROSSROADS OF CIVILIZATION:,1
CSA Newsletter:,CSA NEWSLETTER:,3
CSIC  institutional policy:,CSIC INSTITUTIONAL POLICY:,1
CTA 6:,CTA 6:,1
DA HERDADE DA SAPATOA:,DA HERDADE DA SAPATOA:,1
DAI ad Albano:,DAI AD ALBANO:,1
DAI compiles some of the most important bibliographies on archaeology:,DAI COMPILES SOME OF THE MOST IMPORTANT BIBLIOGRAPHIES ON ARCHAEOLOGY:,1
DAPHNE pools together data from three databases :,DAPHNE POOLS TOGETHER DATA FROM THREE DATABASES:,1
DEL DEPOSITARIO DAL DIRITTO ROMANO ALLE CODIFICAZIONI NAZIONALI:,DEL DEPOSITARIO DAL DIRITTO ROMANO ALLE CODIFICAZIONI NAZIONALI:,1
DICTIONARY OF ART HISTORIANS:,DICTIONARY OF ART HISTORIANS:,1
DIKE è la prima rivista specificamente dedicata allo studio del  diritto greco ed ellenistico:,DIKE È LA PRIMA RIVISTA SPECIFICAMENTE DEDICATA ALLO STUDIO DEL DIRITTO GRECO ED ELLENISTICO:,1
DIRITTO CANONICO ORIENTALE:,DIRITTO CANONICO ORIENTALE:,1
DIRITTO ISLAMICO E DEI PAESI MUSULMANI:,DIRITTO ISLAMICO E DEI PAESI MUSULMANI:,1
DIVINE AND HUMAN AGENCY IN SECOND TEMPLE JUDAISM AND PAUL:,DIVINE AND HUMAN AGENCY IN SECOND TEMPLE JUDAISM AND PAUL:,1
DOAB  since the launch of the beta version in 2012 and outlined its goals:,DOAB SINCE THE LAUNCH OF THE BETA VERSION IN 2012 AND OUTLINED ITS GOALS:,1
DOCLE :,DOCLE:,1
DOI: http:,DOI: HTTP:,1
DOK: Digital Repository:,DOK: DIGITAL REPOSITORY:,3
EAGLE       :,EAGLE:,2
EAGLE Project:,EAGLE PROJECT:,3
EES Excavations at Amarna Part 1:,EES EXCAVATIONS AT AMARNA PART 1:,2
EES Excavations at Amarna Part 2:,EES EXCAVATIONS AT AMARNA PART 2:,2
EH I burial at the Apollo Maleatas site in Epidauros:,EH I BURIAL AT THE APOLLO MALEATAS SITE IN EPIDAUROS:,1
ELABORATE WISDOM:,ELABORATE WISDOM:,1
ELECTRUM Magazine:,ELECTRUM MAGAZINE:,3
ELPUB  2009:,ELPUB 2009:,1
EL Will 1983 Diversification in Roman Industry:,EL WILL 1983 DIVERSIFICATION IN ROMAN INDUSTRY:,1
EL Will 1984 Review of The Seaborne Commerce of Ancient Rome:,EL WILL 1984 REVIEW OF THE SEABORNE COMMERCE OF ANCIENT ROME:,1
EL Will 1991 Romans and the North:,EL WILL 1991 ROMANS AND THE NORTH:,1
EM SUMA:,EM SUMA:,1
ENGLISH Author:,ENGLISH AUTHOR:,1
EN MÉXICO:,EN MÉXICO:,1
EPHE :,EPHE:,2
ERAS are accepted from the following disciplines:,ERAS ARE ACCEPTED FROM THE FOLLOWING DISCIPLINES:,1
ESCHYLE :,ESCHYLE:,1
ES FINAIS:,ES FINAIS:,1
ESPERIENZA DIDATTICA E DI RICERCA:,ESPERIENZA DIDATTICA E DI RICERCA:,1
ES SOBRE ECONOMIA ANTIGA:,ES SOBRE ECONOMIA ANTIGA:,1
ESTUDO DA IDADE DO FERRO NO ALENTEJO CENTRAL:,ESTUDO DA IDADE DO FERRO NO ALENTEJO CENTRAL:,1
ESTUDOS ECONÓMICOS EM ARQUEOLOGIA CLÁSSICA:,ESTUDOS ECONÓMICOS EM ARQUEOLOGIA CLÁSSICA:,1
ETP Web site  includes:,ETP WEB SITE INCLUDES:,1
ETYMOLOGY AND ELECTRONICS:,ETYMOLOGY AND ELECTRONICS:,2
EUCLIDE :,EUCLIDE:,1
EXCAVATIONS AT COSA:,EXCAVATIONS AT COSA:,2
FEASTING AND CERAMICS:,FEASTING AND CERAMICS:,1
FEASTING IN THE BRONZE AGE AND EARLY IRON AGE AEGEAN:,FEASTING IN THE BRONZE AGE AND EARLY IRON AGE AEGEAN:,1
FEZANA Journal Summer 2013 Issue:,FEZANA JOURNAL SUMMER 2013 ISSUE:,1
FORUM CLASSICUM:,FORUM CLASSICUM:,3
FOUR TABLES FROM THE TEMPLE LIBRARY OF NIPPUR:,FOUR TABLES FROM THE TEMPLE LIBRARY OF NIPPUR:,1
FRANCAIS Author:,FRANCAIS AUTHOR:,1
FROM WASTE TO ART AND ARCHAEOLOGY:,FROM WASTE TO ART AND ARCHAEOLOGY:,1
GAUDEAMUS  IGITUR:,GAUDEAMUS IGITUR:,1
GCI Lime Mortars and Plasters Bibliography:,GCI LIME MORTARS AND PLASTERS BIBLIOGRAPHY:,2
GCI Project Terra Bibliography:,GCI PROJECT TERRA BIBLIOGRAPHY:,2
GENOS DIKANIKON:,GENOS DIKANIKON:,1
GHN consists of three components:,GHN CONSISTS OF THREE COMPONENTS:,1
GIS and Archaeology:,GIS AND ARCHAEOLOGY:,1
GIS for the Underwater Research Project ANAXUM:,GIS FOR THE UNDERWATER RESEARCH PROJECT ANAXUM:,1
GIS in Archaeology:,GIS IN ARCHAEOLOGY:,4
GIS mapping below but if not  you will need to download the free version here:,GIS MAPPING BELOW BUT IF NOT YOU WILL NEED TO DOWNLOAD THE FREE VERSION HERE:,2
GIS mapping  file:,GIS MAPPING FILE:,2
GIS Products for Management of  Ancient Stone Quarry Landscapes:,GIS PRODUCTS FOR MANAGEMENT OF ANCIENT STONE QUARRY LANDSCAPES:,1
GREEN PIGMENTS:,GREEN PIGMENTS:,1
GUERRA ENTRE AESIRES E VANIRES:,GUERRA ENTRE AESIRES E VANIRES:,1
HALAKHIC NIGHTMARE:,HALAKHIC NIGHTMARE:,1
HBTIN: Hellenistic Babylonia:,HBTIN: HELLENISTIC BABYLONIA:,1
HERDADE DA SAPATOA:,HERDADE DA SAPATOA:,2
HTML editing:,HTML EDITING:,1
IAOS Bulletin:,IAOS BULLETIN:,2
IAOS was also established to:,IAOS WAS ALSO ESTABLISHED TO:,1
ICARE Project:,ICARE PROJECT:,1
ICAZ Newsletter:,ICAZ NEWSLETTER:,1
ICAZ Newsletter submission deadlines are as follows:,ICAZ NEWSLETTER SUBMISSION DEADLINES ARE AS FOLLOWS:,1
ICI should contact one of the following members of the ICI Board:,ICI SHOULD CONTACT ONE OF THE FOLLOWING MEMBERS OF THE ICI BOARD:,1
ICOMOS Open Archive:,ICOMOS OPEN ARCHIVE:,4
ICOM publishes a new Emergency Red List:,ICOM PUBLISHES A NEW EMERGENCY RED LIST:,3
ICONEA 2008:,ICONEA 2008:,1
ICP analyses:,ICP ANALYSES:,1
ICS London seminars:,ICS LONDON SEMINARS:,8
ICT and Art Heritage:,ICT AND ART HERITAGE:,1
IDP Archives:,IDP ARCHIVES:,2
IDP Symposium:,IDP SYMPOSIUM:,1
IDP website:,IDP WEBSITE:,1
IDP Worldwide:,IDP WORLDWIDE:,1
IFEAD Habur village project  preliminary report:,IFEAD HABUR VILLAGE PROJECT PRELIMINARY REPORT:,1
IFPO: Archeology photography collection:,IFPO: ARCHEOLOGY PHOTOGRAPHY COLLECTION:,1
II :,II:,6
II: The Propylaia to the Athenian Akropolis II:,II: THE PROPYLAIA TO THE ATHENIAN AKROPOLIS II:,1
II:  The royal cemetery :,II: THE ROYAL CEMETERY:,2
II: The Structural  Remains of the Later Phases:,II: THE STRUCTURAL REMAINS OF THE LATER PHASES:,2
II: The Temple of Apollo Bassitas II:,II: THE TEMPLE OF APOLLO BASSITAS II:,1
II Barrel Cylinder:,II BARREL CYLINDER:,1
II bound together:,II BOUND TOGETHER:,1
III :,III:,7
III: Geographic Summary:,III: GEOGRAPHIC SUMMARY:,1
III: The Architecture:,III: THE ARCHITECTURE:,1
III: The Finds in Context:,III: THE FINDS IN CONTEXT:,3
III: The Temple of Apollo Bassitas III:,III: THE TEMPLE OF APOLLO BASSITAS III:,1
III and Akhenaten:,III AND AKHENATEN:,1
III and IV bound together:,III AND IV BOUND TOGETHER:,1
III and the Levantine States:,III AND THE LEVANTINE STATES:,1
II in the Southern Levant:,II IN THE SOUTHERN LEVANT:,1
III Period:,III PERIOD:,1
III Pottery Chronology and Terminology:,III POTTERY CHRONOLOGY AND TERMINOLOGY:,1
III Texts from Umma:,III TEXTS FROM UMMA:,2
III Times:,III TIMES:,1
III Tituli sepulcrales:,III TITULI SEPULCRALES:,1
III — “The Semitic Quarter”:,III — “THE SEMITIC QUARTER”:,1
II Period:,II PERIOD:,1
II The Square Podium of Stupa in Taxila:,II THE SQUARE PODIUM OF STUPA IN TAXILA:,1
II — “The Cemetery”:,II — “THE CEMETERY”:,1
IL PRINCIPE DI DIO:,IL PRINCIPE DI DIO:,1
IMPORTANT NOTE:,IMPORTANT NOTE:,1
IMPORTANT NOTE ON HOLDINGS:,IMPORTANT NOTE ON HOLDINGS:,1
IN MEMORIAM:,IN MEMORIAM:,8
INTERNAL CODE:,INTERNAL CODE:,1
INTRODUCTION :,INTRODUCTION:,1
INVENTANDO  O INIMIGO:,INVENTANDO O INIMIGO:,1
ISAW: Aksum and Nubia:,ISAW: AKSUM AND NUBIA:,2
ISAW: AMHEIDA I:,ISAW: AMHEIDA I:,2
ISAW Newsletter 1:,ISAW NEWSLETTER 1:,1
ISAW Newsletter 2:,ISAW NEWSLETTER 2:,1
ISAW Newsletter 3:,ISAW NEWSLETTER 3:,1
ISAW Newsletter 4:,ISAW NEWSLETTER 4:,1
ISAW Newsletter 5:,ISAW NEWSLETTER 5:,1
ISAW Newsletter 6:,ISAW NEWSLETTER 6:,1
ISAW Newsletter 7:,ISAW NEWSLETTER 7:,2
ISAW Newsletter 8:,ISAW NEWSLETTER 8:,1
ISAW Newsletter 9:,ISAW NEWSLETTER 9:,1
ISAW Papers 4:,ISAW PAPERS 4:,2
ISBN :,ISBN:,1
ISBN Compiled by:,ISBN COMPILED BY:,1
ISBN of Second Part:,ISBN OF SECOND PART:,2
ISSN :,ISSN:,17
ISSN edición electrónica:,ISSN EDICIÓN ELECTRÓNICA:,1
ISSN electrònic:,ISSN ELECTRÒNIC:,4
ISSN electronic edition:,ISSN ELECTRONIC EDITION:,2
ISSN electrónico:,ISSN ELECTRÓNICO:,2
ISSN électronique:,ISSN ÉLECTRONIQUE:,2
ISSN format papier:,ISSN FORMAT PAPIER:,1
ISSN impreso:,ISSN IMPRESO:,2
ISSN Online:,ISSN ONLINE:,2
ISSN paper:,ISSN PAPER:,9
ISSN Print:,ISSN PRINT:,1
ISSN print edition:,ISSN PRINT EDITION:,1
IUAV di Venezia:,IUAV DI VENEZIA:,1
IV: illustrations:,IV: ILLUSTRATIONS:,5
IV: Sculpture I:,IV: SCULPTURE I:,1
IV: text:,IV: TEXT:,5
IV collecti sunt:,IV COLLECTI SUNT:,1
IV — “The Library”:,IV — “THE LIBRARY”:,1
JRL and the CDLI:,JRL AND THE CDLI:,1
JSTOR Coverage:,JSTOR COVERAGE:,2
JSTOR holdings for this  title are:,JSTOR HOLDINGS FOR THIS TITLE ARE:,1
JSTOR News:,JSTOR NEWS:,4
KHERSONESSKIY  SBORNIK 4:,KHERSONESSKIY SBORNIK 4:,1
KHERSONESSKIY  SBORNIK 5:,KHERSONESSKIY SBORNIK 5:,1
KHERSONESSKIY  SBORNIK 8:,KHERSONESSKIY SBORNIK 8:,1
KV 5:,KV 5:,1
LA LEX URSONENSIS:,LA LEX URSONENSIS:,1
LA PENÍNSULA IBÉRICA EN LA ANTIGÜEDAD:,LA PENÍNSULA IBÉRICA EN LA ANTIGÜEDAD:,1
LAS PRIMERAS PRODUCCIONES CERÁMICAS:,LAS PRIMERAS PRODUCCIONES CERÁMICAS:,1
LAWDI 2013:,LAWDI 2013:,2
LCM Newsletter:,LCM NEWSLETTER:,3
LEGRAIN relative à Karnak :,LEGRAIN RELATIVE À KARNAK:,1
LE ROI EST MORT”:,LE ROI EST MORT”:,1
LIFE AND DEATH IN THE PERIPHERY OF THE  MYCENAEAN WORLD AT THE END OF THE LATE BRONZE AGE:,LIFE AND DEATH IN THE PERIPHERY OF THE MYCENAEAN WORLD AT THE END OF THE LATE BRONZE AGE:,1
LM IB Petras:,LM IB PETRAS:,1
LM IB pottery from Poros:,LM IB POTTERY FROM POROS:,1
LMU München:,LMU MÜNCHEN:,22
LOC Subjects:,LOC SUBJECTS:,2
MA :,MA:,1
MAA Journal will:,MAA JOURNAL WILL:,1
MANAGING METALS:,MANAGING METALS:,2
MAPPA cores:,MAPPA CORES:,1
MARK AS STORY:,MARK AS STORY:,1
MEDIEVAL NAS DUAS MARGENS DO RIO MONDEGO:,MEDIEVAL NAS DUAS MARGENS DO RIO MONDEGO:,1
MELA Notes:,MELA NOTES:,4
MENDICANTES E USURÁRIOS:,MENDICANTES E USURÁRIOS:,1
MENESTHEUS VERSUS THE SONS OF THESEAUS:,MENESTHEUS VERSUS THE SONS OF THESEAUS:,1
MIDDLE HELLADIC PERIOD IN BOIOTIA:,MIDDLE HELLADIC PERIOD IN BOIOTIA:,1
MISHA présentent un grand nombre de ces épiclèses tirées de  divers corpus littéraires grecs et latins :,MISHA PRÉSENTENT UN GRAND NOMBRE DE CES ÉPICLÈSES TIRÉES DE DIVERS CORPUS LITTÉRAIRES GRECS ET LATINS:,1
MM Human Skeletical Remains From East Crete:,MM HUMAN SKELETICAL REMAINS FROM EAST CRETE:,1
MSS :,MSS:,3
NB :,NB:,2
NIDE :,NIDE:,1
NON :,NON:,1
NSEA include:,NSEA INCLUDE:,1
NUMBER FIVE:,NUMBER FIVE:,1
NUMBER FOUR:,NUMBER FOUR:,1
NUMBER ONE:,NUMBER ONE:,1
NUMBER SEVEN:,NUMBER SEVEN:,1
NUMBER SIX:,NUMBER SIX:,1
NUMBER THREE:,NUMBER THREE:,1
NUMBER TWO:,NUMBER TWO:,1
NYU Press:,NYU PRESS:,1
OATP is:,OATP IS:,1
OATP site for more information:,OATP SITE FOR MORE INFORMATION:,1
OI publications on Medinet Habu include:,OI PUBLICATIONS ON MEDINET HABU INCLUDE:,2
OLMO LETE:,OLMO LETE:,1
ONLINE ISSN:,ONLINE ISSN:,1
ORBIS and the Ancient Itineraries:,ORBIS AND THE ANCIENT ITINERARIES:,1
ORBIS and the Sea:,ORBIS AND THE SEA:,1
ORCHESTRA AT THE COURT OF MARI:,ORCHESTRA AT THE COURT OF MARI:,1
ORIENTAL INSTITUTE AMUQ VALLEY PROJECT:,ORIENTAL INSTITUTE AMUQ VALLEY PROJECT:,2
ORIENTE MODERNO:,ORIENTE MODERNO:,1
OUT OF EGYPT:,OUT OF EGYPT:,1
PACTOLS :,PACTOLS:,1
PALESTINE AND THE NEW HISTORIOGRAPHY OF MUSIC:,PALESTINE AND THE NEW HISTORIOGRAPHY OF MUSIC:,1
PAPERS IN ENGLISH:,PAPERS IN ENGLISH:,1
PARI Journal:,PARI JOURNAL:,3
PART 2:,PART 2:,1
PARTE DOIS:,PARTE DOIS:,1
PARTE TRÊS:,PARTE TRÊS:,1
PARTE UM:,PARTE UM:,1
PART ONE:,PART ONE:,1
PART THREE:,PART THREE:,1
PART TWO:,PART TWO:,1
PART VII:,PART VII:,1
PDF :,PDF:,1
PDF file is very large:,PDF FILE IS VERY LARGE:,1
PDF format:,PDF FORMAT:,1
PDF of Nimrud:,PDF OF NIMRUD:,1
PDF publications are for personal use only:,PDF PUBLICATIONS ARE FOR PERSONAL USE ONLY:,1
PEF website editors:,PEF WEBSITE EDITORS:,1
PEF wishes to thank the following people  contributed to the digitisation and gathering of information on these  images over the years:,PEF WISHES TO THANK THE FOLLOWING PEOPLE CONTRIBUTED TO THE DIGITISATION AND GATHERING OF INFORMATION ON THESE IMAGES OVER THE YEARS:,1
PERSEPOLIS  AND ANCIENT IRAN:,PERSEPOLIS AND ANCIENT IRAN:,3
PG 05 Ignatius :,PG 05 IGNATIUS:,1
PG 1:,PG 1:,1
PG 10:,PG 10:,1
PG 100:,PG 100:,1
PG 101:,PG 101:,1
PG 102:,PG 102:,1
PG 103:,PG 103:,1
PG 104:,PG 104:,1
PG 105:,PG 105:,1
PG 105 Nicetas David :,PG 105 NICETAS DAVID:,1
PG 106:,PG 106:,1
PG 106 Andrea :,PG 106 ANDREA:,1
PG 107:,PG 107:,1
PG 108:,PG 108:,1
PG 109:,PG 109:,1
PG 11:,PG 11:,1
PG 110:,PG 110:,1
PG 110 Georgius:,PG 110 GEORGIUS:,1
PG 111:,PG 111:,1
PG 112:,PG 112:,1
PG 113:,PG 113:,1
PG 114:,PG 114:,1
PG 115:,PG 115:,1
PG 116:,PG 116:,1
PG 117:,PG 117:,1
PG 117 Leo :,PG 117 LEO:,1
PG 118:,PG 118:,1
PG 119:,PG 119:,1
PG 12:,PG 12:,1
PG 120:,PG 120:,1
PG 121:,PG 121:,1
PG 122:,PG 122:,1
PG 123:,PG 123:,1
PG 124:,PG 124:,1
PG 125:,PG 125:,1
PG 126:,PG 126:,1
PG 127:,PG 127:,1
PG 128:,PG 128:,1
PG 128 Euthymius :,PG 128 EUTHYMIUS:,1
PG 129:,PG 129:,1
PG 129 Euthymius :,PG 129 EUTHYMIUS:,1
PG 13:,PG 13:,1
PG 130:,PG 130:,1
PG 130 Euthymius :,PG 130 EUTHYMIUS:,1
PG 131:,PG 131:,1
PG 131 Euthymius :,PG 131 EUTHYMIUS:,1
PG 132:,PG 132:,1
PG 132 Theophanes :,PG 132 THEOPHANES:,1
PG 133:,PG 133:,1
PG 133 Ioannes :,PG 133 IOANNES:,1
PG 134:,PG 134:,1
PG 135:,PG 135:,1
PG 136:,PG 136:,1
PG 137:,PG 137:,1
PG 138:,PG 138:,1
PG 139:,PG 139:,1
PG 14:,PG 14:,1
PG 140:,PG 140:,1
PG 141:,PG 141:,1
PG 142:,PG 142:,1
PG 143:,PG 143:,1
PG 144:,PG 144:,1
PG 145:,PG 145:,1
PG 146:,PG 146:,1
PG 147:,PG 147:,1
PG 148:,PG 148:,1
PG 149:,PG 149:,1
PG 15:,PG 15:,1
PG 150:,PG 150:,1
PG 150 Gregorius :,PG 150 GREGORIUS:,1
PG 151:,PG 151:,1
PG 151 Gregorius :,PG 151 GREGORIUS:,1
PG 152:,PG 152:,1
PG 152 Manuel :,PG 152 MANUEL:,1
PG 153:,PG 153:,1
PG 153 Ioannes :,PG 153 IOANNES:,1
PG 154:,PG 154:,1
PG 154 Ioannes :,PG 154 IOANNES:,1
PG 155:,PG 155:,1
PG 155 Symeon :,PG 155 SYMEON:,1
PG 156:,PG 156:,1
PG 156 Manuel :,PG 156 MANUEL:,1
PG 157:,PG 157:,1
PG 157 Georgius :,PG 157 GEORGIUS:,1
PG 158:,PG 158:,1
PG 159:,PG 159:,1
PG 160:,PG 160:,1
PG 161:,PG 161:,1
PG 16a:,PG 16A:,1
PG 16b:,PG 16B:,1
PG 16c:,PG 16C:,1
PG 17:,PG 17:,1
PG 18:,PG 18:,1
PG 18 Methodius :,PG 18 METHODIUS:,1
PG 19:,PG 19:,1
PG 19 Eusebius :,PG 19 EUSEBIUS:,1
PG 2:,PG 2:,1
PG 20:,PG 20:,1
PG 20  Eusebius :,PG 20 EUSEBIUS:,1
PG 21:,PG 21:,1
PG 21 Eusebius:,PG 21 EUSEBIUS:,1
PG 22:,PG 22:,1
PG 22 Eusebius:,PG 22 EUSEBIUS:,1
PG 23:,PG 23:,1
PG 23 Eusebius:,PG 23 EUSEBIUS:,1
PG 24:,PG 24:,1
PG 24 Eusebius:,PG 24 EUSEBIUS:,1
PG 25a:,PG 25A:,1
PG 25b:,PG 25B:,1
PG 26:,PG 26:,1
PG 27:,PG 27:,1
PG 28:,PG 28:,1
PG 29a:,PG 29A:,1
PG 29a Basilius:,PG 29A BASILIUS:,1
PG 29b:,PG 29B:,1
PG 29b Basilius:,PG 29B BASILIUS:,1
PG 3:,PG 3:,1
PG 30:,PG 30:,1
PG 30 Basilius:,PG 30 BASILIUS:,1
PG 31:,PG 31:,1
PG 31 Basilius:,PG 31 BASILIUS:,1
PG 32:,PG 32:,1
PG 32 Basilius:,PG 32 BASILIUS:,1
PG 33:,PG 33:,1
PG 33 Cyrillus:,PG 33 CYRILLUS:,1
PG 34:,PG 34:,1
PG 34 Macarius:,PG 34 MACARIUS:,1
PG 35:,PG 35:,1
PG 35 Gregorius:,PG 35 GREGORIUS:,1
PG 36:,PG 36:,1
PG 36 Gregorius:,PG 36 GREGORIUS:,1
PG 37:,PG 37:,1
PG 37 Gregorius:,PG 37 GREGORIUS:,1
PG 38:,PG 38:,1
PG 38 Gregorius:,PG 38 GREGORIUS:,1
PG 39:,PG 39:,1
PG 39 Didymus:,PG 39 DIDYMUS:,1
PG 4:,PG 4:,1
PG 40:,PG 40:,1
PG 41:,PG 41:,1
PG 42:,PG 42:,1
PG 43:,PG 43:,1
PG 44:,PG 44:,1
PG 45:,PG 45:,1
PG 46:,PG 46:,1
PG 47:,PG 47:,1
PG 48:,PG 48:,1
PG 49:,PG 49:,1
PG 5:,PG 5:,1
PG 50:,PG 50:,1
PG 51:,PG 51:,1
PG 52:,PG 52:,1
PG 52 Ioannes :,PG 52 IOANNES:,1
PG 53:,PG 53:,1
PG 54:,PG 54:,1
PG 55:,PG 55:,1
PG 56:,PG 56:,1
PG 57:,PG 57:,1
PG 58:,PG 58:,1
PG 59:,PG 59:,1
PG 6:,PG 6:,1
PG 60:,PG 60:,1
PG 60 Ioannes :,PG 60 IOANNES:,1
PG 61:,PG 61:,1
PG 61 Ioannes :,PG 61 IOANNES:,1
PG 62:,PG 62:,1
PG 62 Ioannes :,PG 62 IOANNES:,1
PG 63:,PG 63:,1
PG 63 Ioannes :,PG 63 IOANNES:,1
PG 64:,PG 64:,1
PG 65:,PG 65:,1
PG 65 Proclus :,PG 65 PROCLUS:,1
PG 66:,PG 66:,1
PG 66 Synesius :,PG 66 SYNESIUS:,1
PG 67:,PG 67:,1
PG 67 Socrates :,PG 67 SOCRATES:,1
PG 68:,PG 68:,1
PG 68 Cyrillus :,PG 68 CYRILLUS:,1
PG 69:,PG 69:,1
PG 69 Cyrillus :,PG 69 CYRILLUS:,1
PG 70:,PG 70:,1
PG 70 Cyrillus :,PG 70 CYRILLUS:,1
PG 71:,PG 71:,1
PG 71 Cyrillus :,PG 71 CYRILLUS:,1
PG 72:,PG 72:,1
PG 72 Cyrillus :,PG 72 CYRILLUS:,1
PG 73:,PG 73:,1
PG 73 Cyrillus :,PG 73 CYRILLUS:,1
PG 74:,PG 74:,1
PG 74 Cyrillus :,PG 74 CYRILLUS:,1
PG 75:,PG 75:,1
PG 75 Cyrillus :,PG 75 CYRILLUS:,1
PG 76:,PG 76:,1
PG 76 Cyrillus :,PG 76 CYRILLUS:,1
PG 77:,PG 77:,1
PG 77 Cyrillus :,PG 77 CYRILLUS:,1
PG 78:,PG 78:,1
PG 78 Isidorus :,PG 78 ISIDORUS:,1
PG 79:,PG 79:,1
PG 7a:,PG 7A:,1
PG 7b:,PG 7B:,1
PG 8:,PG 8:,1
PG 80:,PG 80:,1
PG 81:,PG 81:,1
PG 82:,PG 82:,1
PG 83:,PG 83:,1
PG 84:,PG 84:,1
PG 85:,PG 85:,1
PG 86a:,PG 86A:,1
PG 86b:,PG 86B:,1
PG 87a:,PG 87A:,1
PG 87a Procopius :,PG 87A PROCOPIUS:,1
PG 87b:,PG 87B:,1
PG 87b Procopius :,PG 87B PROCOPIUS:,1
PG 87c:,PG 87C:,1
PG 87c Procopius :,PG 87C PROCOPIUS:,1
PG 88:,PG 88:,1
PG 88 Ioannes :,PG 88 IOANNES:,1
PG 89:,PG 89:,1
PG 9:,PG 9:,1
PG 90:,PG 90:,1
PG 90 Maximus :,PG 90 MAXIMUS:,1
PG 91:,PG 91:,1
PG 91 Maximus :,PG 91 MAXIMUS:,1
PG 92:,PG 92:,1
PG 92 Georgius :,PG 92 GEORGIUS:,1
PG 93:,PG 93:,1
PG 93 Hesychius :,PG 93 HESYCHIUS:,1
PG 94:,PG 94:,1
PG 94 Ioannes :,PG 94 IOANNES:,1
PG 95:,PG 95:,1
PG 95 Ioannes :,PG 95 IOANNES:,1
PG 96:,PG 96:,1
PG 96 Ioannes :,PG 96 IOANNES:,1
PG 97:,PG 97:,1
PG 98:,PG 98:,1
PG 99:,PG 99:,1
PG 99 Τheodorus :,PG 99 ΤHEODORUS:,1
PINAX ONLINE:,PINAX ONLINE:,1
PJANE accepts papers with topics such as:,PJANE ACCEPTS PAPERS WITH TOPICS SUCH AS:,1
PLATON :,PLATON:,4
PMG 976:,PMG 976:,1
PM to 6:,PM TO 6:,1
PODER Y PRESTIGIO EN LAS SOCIEDADES PREHISTÓRICAS PENINSULARES:,PODER Y PRESTIGIO EN LAS SOCIEDADES PREHISTÓRICAS PENINSULARES:,1
POLYVINYL ALCOHOL HYDROGELS FOR CLEANING WORKS OF ART:,POLYVINYL ALCOHOL HYDROGELS FOR CLEANING WORKS OF ART:,1
POSSESSED BY THE GREAT MOTHER:,POSSESSED BY THE GREAT MOTHER:,1
POTSHERD :,POTSHERD:,1
PRINT ISSN:,PRINT ISSN:,1
PROBLEMS OF ILLUMINATION OF CULTURAL HERITAGE:,PROBLEMS OF ILLUMINATION OF CULTURAL HERITAGE:,1
PROCEEDINGS  OF THE CHERSONESOS MUSEUM 4:,PROCEEDINGS OF THE CHERSONESOS MUSEUM 4:,1
PROJECT GOALS:,PROJECT GOALS:,1
PUL uses two numbering systems for shelving:,PUL USES TWO NUMBERING SYSTEMS FOR SHELVING:,1
PUNICA FIDES:,PUNICA FIDES:,3
PURL when linking to TC and its         contents:,PURL WHEN LINKING TO TC AND ITS CONTENTS:,1
RACLITE :,RACLITE:,1
RE :,RE:,2
REDE DE POVOAMENTO:,REDE DE POVOAMENTO:,1
RES PUBLICA LITTERARUM:,RES PUBLICA LITTERARUM:,3
RIDROM is divided up into four main sections:,RIDROM IS DIVIDED UP INTO FOUR MAIN SECTIONS:,1
RIHA Journal:,RIHA JOURNAL:,3
RIIPAC: Revista sobre Patrimonio Cultural:,RIIPAC: REVISTA SOBRE PATRIMONIO CULTURAL:,5
RINAP 1:,RINAP 1:,1
RINAP 3:,RINAP 3:,1
RINAP 4:,RINAP 4:,1
RIV:MON:,RIV:MON:,5
RIV:SUPPL:,RIV:SUPPL:,5
RSS feed:,RSS FEED:,1
SABC aims:,SABC AIMS:,1
SAIR is intended to publish papers which particularly benefit from electronic publishing:,SAIR IS INTENDED TO PUBLISH PAPERS WHICH PARTICULARLY BENEFIT FROM ELECTRONIC PUBLISHING:,2
SARS Survey from Omdurman to Gabolab 1997:,SARS SURVEY FROM OMDURMAN TO GABOLAB 1997:,1
SBL 2009 Annual Meeting:,SBL 2009 ANNUAL MEETING:,1
SBL 2010 Session:,SBL 2010 SESSION:,2
SECTION I:,SECTION I:,2
SECTION II:,SECTION II:,2
SECTION III:,SECTION III:,2
SECTION IV:,SECTION IV:,2
SECTION V:,SECTION V:,1
SE delle Terme Centrali:,SE DELLE TERME CENTRALI:,1
SENEPSE 12:,SENEPSE 12:,1
SENEPSE 13:,SENEPSE 13:,1
SENEPSE 5:,SENEPSE 5:,2
SENEPSE 8:,SENEPSE 8:,1
SEPTUAGINTA LXX:,SEPTUAGINTA LXX:,1
SE Spanish Middle Palaeolithic Sites with Neanderthal Remains:,SE SPANISH MIDDLE PALAEOLITHIC SITES WITH NEANDERTHAL REMAINS:,1
SEXUALIDADE E SENTIMENTO RELIGIOSO NO PALEOLÍTICO:,SEXUALIDADE E SENTIMENTO RELIGIOSO NO PALEOLÍTICO:,1
SIODE :,SIODE:,1
SIRIS blog:,SIRIS BLOG:,1
SOME NEWSLETTER ITEMS OF INTEREST:,SOME NEWSLETTER ITEMS OF INTEREST:,1
SPECTROPHOTOMETRIC INVESTIGATIONS AT THE MUSEUM:,SPECTROPHOTOMETRIC INVESTIGATIONS AT THE MUSEUM:,1
SPP 106:,SPP 106:,1
SPP 108:,SPP 108:,1
SPP 109:,SPP 109:,1
SPP 110:,SPP 110:,1
SPP 111:,SPP 111:,1
SPP 112:,SPP 112:,1
SPP 118:,SPP 118:,1
SPP 119:,SPP 119:,1
SPP 120:,SPP 120:,1
SPP 124:,SPP 124:,1
SPP 127:,SPP 127:,1
SPP 128:,SPP 128:,1
SPP 129:,SPP 129:,1
SPP 130:,SPP 130:,1
SPP 146:,SPP 146:,1
SPP 147:,SPP 147:,1
SPP 148:,SPP 148:,1
SPP 149:,SPP 149:,1
SPP 151:,SPP 151:,1
SPP 152:,SPP 152:,1
SPP 154:,SPP 154:,1
SPP 155:,SPP 155:,1
SPP 156:,SPP 156:,1
SPP 157:,SPP 157:,1
SPP 158:,SPP 158:,1
SPP 159:,SPP 159:,1
SPP 160:,SPP 160:,1
SPP 167:,SPP 167:,1
SPP 168:,SPP 168:,1
SPP 77:,SPP 77:,1
SPP 78:,SPP 78:,1
SPP 82:,SPP 82:,1
SPP 88:,SPP 88:,1
SPP 93:,SPP 93:,1
SPP 95:,SPP 95:,1
SPP 97:,SPP 97:,1
SPP 99:,SPP 99:,1
STUDIES IN ROMAN REPUBLICAN TOPOGRAPHY:,STUDIES IN ROMAN REPUBLICAN TOPOGRAPHY:,1
STUDIES  IN THE ARCHAEOLOGY OF HELLENISTIC PONTUS:,STUDIES IN THE ARCHAEOLOGY OF HELLENISTIC PONTUS:,1
SUBMITTED ON:,SUBMITTED ON:,1
SW Slovakia:,SW SLOVAKIA:,1
TAARII Newsletter:,TAARII NEWSLETTER:,4
TAYINAT ARCHAEOLOGICAL PROJECT:,TAYINAT ARCHAEOLOGICAL PROJECT:,1
TBAS 102:,TBAS 102:,1
TERRA SEBVS:,TERRA SEBVS:,5
TEXTES a été assez profondément remanié :,TEXTES A ÉTÉ ASSEZ PROFONDÉMENT REMANIÉ:,1
THE  ANATOMICAL VOTIVE TERRACOTTA PHENOMENON :,THE ANATOMICAL VOTIVE TERRACOTTA PHENOMENON:,1
THE BROWNING OF STAINED GLASS WINDOWS:,THE BROWNING OF STAINED GLASS WINDOWS:,1
THE CAVES OF DUNHUANG:,THE CAVES OF DUNHUANG:,1
THE DIAGNOSTICS IN THE FIELD OF CULTURAL HERITAGE:,THE DIAGNOSTICS IN THE FIELD OF CULTURAL HERITAGE:,1
THE DIAMOND:,THE DIAMOND:,1
THE EMERGENCE OF GENTILE LEADERSHIP AND THE JERUSALEM CONFERENCE:,THE EMERGENCE OF GENTILE LEADERSHIP AND THE JERUSALEM CONFERENCE:,1
THE HORN QUARTET:,THE HORN QUARTET:,1
THEODOSIUS AND THE GOTHS:,THEODOSIUS AND THE GOTHS:,1
THEOLOGIA AND OIKONOMIA:,THEOLOGIA AND OIKONOMIA:,1
THE ORAIBI MARAU CEREMONY:,THE ORAIBI MARAU CEREMONY:,1
THE REPUBLICAN SOLDIER:,THE REPUBLICAN SOLDIER:,1
THE  RESTORATION OF HUMANITY:,THE RESTORATION OF HUMANITY:,1
THE SACRED DOMAIN:,THE SACRED DOMAIN:,1
THE TINGUIAN:,THE TINGUIAN:,1
THE TONAL SYSTEMS OF MESOPOTAMIA AND ANCIENT GREECE :,THE TONAL SYSTEMS OF MESOPOTAMIA AND ANCIENT GREECE:,1
THE ‘ANIMAL’ VISION OF ACTS 10:,THE ‘ANIMAL’ VISION OF ACTS 10:,1
TICA Y F ILOLOGÍA:,TICA Y F ILOLOGÍA:,1
TIO DA HERDADE DA SAPATOA:,TIO DA HERDADE DA SAPATOA:,1
TITUS Project:,TITUS PROJECT:,2
TLG version:,TLG VERSION:,1
TOME VIII :,TOME VIII:,1
TOP series:,TOP SERIES:,1
TOTAL :,TOTAL:,1
TOTOPI :,TOTOPI:,1
TRADITIONS OF THE TINGUIAN:,TRADITIONS OF THE TINGUIAN:,1
TRES PAISAJES IBICENCOS:,TRES PAISAJES IBICENCOS:,1
TWO WEEKS IN THE EGYPTIAN DESERT:,TWO WEEKS IN THE EGYPTIAN DESERT:,2
UBC CNERS Grad Conference:,UBC CNERS GRAD CONFERENCE:,1
UB Heidelberg had just announced the following recently digitized books:,UB HEIDELBERG HAD JUST ANNOUNCED THE FOLLOWING RECENTLY DIGITIZED BOOKS:,1
UCL Perfect bodies:,UCL PERFECT BODIES:,4
UNESCO Database of National  Cultural Heritage Laws allows the following to be consulted:,UNESCO DATABASE OF NATIONAL CULTURAL HERITAGE LAWS ALLOWS THE FOLLOWING TO BE CONSULTED:,1
UNESCO devised an international solution to combat the  illicit traffic of cultural property:,UNESCO DEVISED AN INTERNATIONAL SOLUTION TO COMBAT THE ILLICIT TRAFFIC OF CULTURAL PROPERTY:,1
URI <b>http:,URI <B>HTTP:,1
URI http:,URI HTTP:,2
URL: http:,URL: HTTP:,6
URL is:,URL IS:,1
URL will be accessible through:,URL WILL BE ACCESSIBLE THROUGH:,2
USS Cairo:,USS CAIRO:,5
VANISHED KINGDOMS OF THE NILE:,VANISHED KINGDOMS OF THE NILE:,1
VASILE                 Episcopia Romanului:,VASILE EPISCOPIA ROMANULUI:,1
VELEIA 1760 – 2010:,VELEIA 1760 – 2010:,1
VI Aspects of Stupa Court at Hadda:,VI ASPECTS OF STUPA COURT AT HADDA:,1
VI bound together:,VI BOUND TOGETHER:,1
VIII Inundation Stela :,VIII INUNDATION STELA:,2
VII SEZIONE:,VII SEZIONE:,1
VINCOLO GIURIDICO:,VINCOLO GIURIDICO:,1
VOLUME No:,VOLUME NO:,1
WALL PAINTING OF THE CASTIGLIONI COLLEGE CHAPEL:,WALL PAINTING OF THE CASTIGLIONI COLLEGE CHAPEL:,1
WATER AND GOLD:,WATER AND GOLD:,2
WDL are to:,WDL ARE TO:,1
WF Sounding:,WF SOUNDING:,1
WHEAP Document de projet Author:,WHEAP DOCUMENT DE PROJET AUTHOR:,1
WHEAP info 2010 Author:,WHEAP INFO 2010 AUTHOR:,1
WHEAP Leaflet Earthen Architecture Programme Author:,WHEAP LEAFLET EARTHEN ARCHITECTURE PROGRAMME AUTHOR:,1
WHEAP progress report 2011 English Author:,WHEAP PROGRESS REPORT 2011 ENGLISH AUTHOR:,1
WHEAP Project document Author:,WHEAP PROJECT DOCUMENT AUTHOR:,1
WHEAP Subject:,WHEAP SUBJECT:,6
WOMEN IN JUDAISM:,WOMEN IN JUDAISM:,1
XII  Congressus Internationalis Epigraphiae Graecae et Latinae:,XII CONGRESSUS INTERNATIONALIS EPIGRAPHIAE GRAECAE ET LATINAE:,1
XII libros digestus:,XII LIBROS DIGESTUS:,3
XI  The Horizon of Begram III and Beyond:,XI THE HORIZON OF BEGRAM III AND BEYOND:,1
XX secolo:,XX SECOLO:,1
YBC 6996:,YBC 6996:,1
YHWH saw and was displeased”:,YHWH SAW AND WAS DISPLEASED”:,1
ZENON DAI:,ZENON DAI:,1
ZPE are also available in open access:,ZPE ARE ALSO AVAILABLE IN OPEN ACCESS:,1
